{"cameraMode":{"drawMode":0,"name":"Shaded","section":"Shading Mode"},"sceneLighting":false,"audioPlay":false,"sceneViewState":{"showFog":true,"showMaterialUpdate":false,"showSkybox":true,"showFlares":true,"showImageEffects":true,"showParticleSystems":true},"in2DMode":false,"pivot":{"x":0.1824922412633896,"y":0.7630066275596619,"z":0.7796885371208191},"rotation":{"x":0.04351944103837013,"y":-0.3949534296989441,"z":0.018733635544776918,"w":0.9174802899360657},"size":0.40172091126441958,"orthographic":true}