{"cameraMode":{"drawMode":0,"name":"Shaded","section":"Shading Mode"},"sceneLighting":true,"audioPlay":false,"sceneViewState":{"showFog":true,"showMaterialUpdate":false,"showSkybox":true,"showFlares":true,"showImageEffects":true,"showParticleSystems":true},"in2DMode":false,"pivot":{"x":18.12389373779297,"y":15.145994186401368,"z":-4.30720329284668},"rotation":{"x":-0.3070995509624481,"y":0.5853889584541321,"z":-0.25470685958862307,"w":-0.7058060169219971},"size":65.24952697753906,"orthographic":true}